{"V001": {"last_rotation": 1743430354.6200402, "auth_count": 1}, "V002": {"last_rotation": 1743430354.6791372, "auth_count": 1}, "V003": {"last_rotation": 1743430354.733949, "auth_count": 1}}